Player,Country,Games,Win rate,KDA,Avg kills,Avg deaths,Avg assists,CSM,GPM,KP%,DMG%,DPM,VSPM,Avg WPM,Avg WCPM,Avg VWPM,GD@15,CSD@15,XPD@15,FB %,FB Victim,Penta Kills,Solo Kills,Split
957, CN,51,60.8%,3.7,1.8,2.1,6.1,7.4,-,62.7%,-,-,-,-,-,-,-,-,-,-,-,-,-,2016 Spring
ADD, KR,4,75%,4.3,1.8,2.5,9.0,7.2,353,75.8%,19.6,404,-,0.6,0.2,0.08,-97,-0,49,25%,25%,0,1,2016 Spring
Achuu, DK,17,41.2%,3.0,2.4,2.4,4.6,9.2,415,51.7%,29.3,622,-,0.43,0.2,0.07,-146,11,394,0%,5.9%,0,4,2016 Spring
Acorn, KR,1,100%,2.3,5.0,6.0,9.0,6.4,-,93.3%,-,-,-,-,-,-,-,-,-,-,-,-,-,2016 Spring
Adrian, US,24,83.3%,7.1,0.4,1.7,11.8,0.6,290,77.2%,4.6,102,-,1.41,0.3,0.24,234,-6,275,41.7%,0%,0,-,2016 Spring
Adryh, ES,14,14.3%,2.1,1.9,2.6,3.4,7.8,352,80.3%,29.1,490,-,0.47,0.23,0.07,-614,-17,-140,14.3%,7.1%,0,-,2016 Spring
Airwaks, CH,22,31.8%,2.2,1.9,3.2,5.0,4.2,335,69.8%,18.7,313,-,0.96,0.46,0.17,164,5,-90,40.9%,18.2%,0,2,2016 Spring
Albis, TW,3,0%,0.6,0.3,4.3,2.3,1.2,231,58.7%,8,130,-,1.51,0.41,0.26,-132,-1,-70,0%,0%,0,-,2016 Spring
Alex Ich, RU,23,21.7%,2.1,1.7,2.9,4.3,8.2,359,68.1%,28.2,477,-,0.43,0.17,0.08,-365,-9,-422,21.7%,8.7%,0,2,2016 Spring
Altec, CA,18,38.9%,2.9,2.8,2.4,4.2,8.5,384,64.9%,24.7,458,-,0.46,0.25,0.1,-500,-8,-168,11.1%,16.7%,0,2,2016 Spring
Amazing, DE,34,55.9%,4.0,2.4,2.1,5.9,4.1,342,67%,16.8,329,-,0.85,0.53,0.17,-49,-2,-177,44.1%,8.8%,0,1,2016 Spring
Ambition, KR,44,50%,3.3,2.1,2.0,4.6,4.9,366,68.5%,20.9,386,-,0.77,0.64,0.17,278,7,489,34.1%,13.6%,0,7,2016 Spring
Anex, TW,3,0%,2.0,1.7,2.7,3.7,8.5,366,100%,32.2,548,-,0.59,0.25,0.13,-734,-10,-564,0%,0%,0,-,2016 Spring
Apex, TW,8,37.5%,2.3,2.0,2.3,3.1,8.4,368,67.6%,31.4,479,-,0.62,0.26,0.15,-238,-10,-92,0%,25%,0,-,2016 Spring
Aphromoo, US,49,61.2%,3.2,0.4,2.9,9.0,0.7,266,73.3%,7.7,150,-,1.06,0.33,0.23,113,-3,22,34.7%,4.1%,0,-,2016 Spring
Apollo, US,21,19%,2.7,2.7,2.4,3.9,8.8,384,64.3%,27.8,488,-,0.46,0.23,0.12,-90,-0,-163,19%,4.8%,0,1,2016 Spring
Ares,,4,25%,1.1,1.3,4.3,3.3,3.9,309,53.3%,17.6,307,-,0.9,0.54,0.17,-539,3,-513,0%,0%,0,-,2016 Spring
Armao, US,3,0%,1.4,0.7,3.0,3.7,2.8,272,76.2%,16.2,193,-,0.87,0.31,0.09,-727,-15,-1021,33.3%,0%,0,-,2016 Spring
Arrow, KR,46,63%,5.1,3.4,1.7,5.4,8.8,404,68.6%,25.1,500,-,0.57,0.37,0.11,-117,-2,-90,19.6%,2.2%,0,1,2016 Spring
Athena, KR,10,50%,6.0,3.6,1.7,6.6,8.2,-,75%,-,-,-,-,-,-,-,-,-,-,-,-,-,2016 Spring
Atom,,14,14.3%,1.4,1.6,3.4,3.3,6.8,327,66.5%,17.9,287,-,0.49,0.13,0.1,-470,-12,-492,21.4%,7.1%,0,1,2016 Spring
BIG, US,16,37.5%,2.9,0.4,2.3,6.4,0.7,238,78.9%,5.3,81,-,1.19,0.31,0.29,-78,-2,-115,25%,12.5%,0,-,2016 Spring
Balls,,22,59.1%,2.7,1.9,2.6,5.2,7.2,375,52.5%,17.1,361,-,0.41,0.1,0.06,277,8,238,13.6%,31.8%,0,6,2016 Spring
Bang, KR,76,71.1%,7.3,4.1,1.3,5.7,9.3,440,66.3%,30.4,660,-,0.54,0.23,0.06,141,3,229,18.4%,6.6%,1,6,2016 Spring
Bdd, KR,22,40.9%,3.2,2.7,2.6,5.5,8.0,364,83.5%,28,500,-,0.6,0.18,0.07,-113,0,-113,0%,27.3%,0,1,2016 Spring
BetongJocke,,10,20%,1.3,0.9,3.9,4.0,4.1,313,73.2%,17.3,282,-,0.91,0.57,0.22,-122,2,348,30%,10%,0,-,2016 Spring
Betsy,,22,31.8%,3.6,3.5,2.0,3.6,9.1,411,73%,32.1,547,-,0.48,0.2,0.11,437,18,602,31.8%,0%,0,9,2016 Spring
Beyond, KR,4,75%,4.3,3.5,2.0,5.0,4.9,361,60.9%,15,317,-,0.72,0.51,0.1,63,1,264,75%,0%,0,-,2016 Spring
BillyBoss,,19,15.8%,1.7,1.2,3.3,4.4,6.8,338,52.2%,16.8,292,-,0.54,0.11,0.1,-217,-0,-1,21.1%,21.1%,0,3,2016 Spring
Bischu,,3,0%,2.3,0.3,3.0,6.7,0.8,224,75.6%,3.9,68,-,1.37,0.31,0.27,-192,1,668,33.3%,0%,0,-,2016 Spring
Bjergsen, DK,38,55.3%,5.8,4.2,1.8,6.1,8.4,413,72.8%,28.8,597,-,0.47,0.15,0.1,180,8,246,7.9%,2.6%,0,12,2016 Spring
Bless, KR,3,100%,8.3,2.3,1.3,8.7,4.2,340,90.8%,14.9,278,-,0.76,0.67,0.12,-21,9,260,33.3%,0%,0,-,2016 Spring
BoBo, TW,8,37.5%,1.8,1.6,2.4,2.8,7.2,357,68.3%,26.2,424,-,0.48,0.2,0.08,56,5,278,12.5%,37.5%,0,1,2016 Spring
Borisal,,7,42.9%,4.1,2.7,2.0,5.4,8.2,-,73.4%,-,-,-,-,-,-,-,-,-,-,-,-,-,2016 Spring
Bubbling,,46,41.3%,2.5,1.3,2.7,5.3,3.7,316,64.6%,15.3,277,-,0.84,0.54,0.17,-536,-9,-637,21.7%,10.9%,0,2,2016 Spring
Bunny FuFuu,,2,0%,1.2,0.0,3.0,3.5,0.9,219,55.7%,5.6,84,-,1.42,0.26,0.25,-238,1,-715,0%,0%,0,-,2016 Spring
Cabochard, FR,22,63.6%,5.1,2.8,1.7,5.7,7.5,379,69.9%,21.9,422,-,0.52,0.12,0.11,388,9,358,36.4%,9.1%,0,12,2016 Spring
Caedrel, GB,5,40%,2.6,1.0,2.2,4.8,8.3,377,59.1%,22.5,391,-,0.54,0.27,0.11,-495,-24,-676,0%,40%,0,-,2016 Spring
Caveman,,47,51.1%,3.7,0.7,2.6,8.8,1.3,-,72.1%,-,-,-,-,-,-,-,-,-,-,-,-,-,2016 Spring
Celebrity, VN,3,0%,1.0,1.3,3.0,1.7,8.2,354,57.9%,20.6,297,-,0.4,0.1,0.02,225,-6,-596,0%,0%,0,-,2016 Spring
Chaser,,32,43.8%,3.7,1.9,2.0,5.4,4.4,350,81.6%,16.2,301,-,0.89,0.54,0.25,63,-1,35,50%,6.3%,0,-,2016 Spring
Chawy,,1,0%,0.7,1.0,3.0,1.0,8.4,335,66.7%,26.2,365,-,0.41,0.12,0.15,-338,-3,-341,0%,100%,0,-,2016 Spring
Chei,,48,54.2%,3.9,0.6,1.9,6.9,1.1,252,71.7%,6.1,107,-,1.48,0.41,0.4,23,0,140,25%,10.4%,0,-,2016 Spring
Chimin,,18,11.1%,1.7,1.6,3.2,3.8,4.1,-,71.4%,-,-,-,-,-,-,-,-,-,-,-,-,-,2016 Spring
City,,1,0%,0.7,0.0,3.0,2.0,1.1,-,40%,-,-,-,-,-,-,-,-,-,-,-,-,-,2016 Spring
ClearLove, CN,39,74.4%,7.2,3.5,1.5,7.6,4.5,-,70.6%,-,-,-,-,-,-,-,-,-,-,-,-,-,2016 Spring
CoCo,,33,45.5%,2.9,2.7,2.3,4.0,8.7,395,70.3%,30,574,-,0.66,0.24,0.1,-32,-1,-94,33.3%,9.1%,0,10,2016 Spring
Comeback, RO,43,62.8%,3.7,0.8,2.6,8.7,1.1,259,75.2%,6.4,125,-,1.33,0.44,0.32,67,-1,-86,25.6%,9.3%,0,1,2016 Spring
Condi,,51,60.8%,5.0,2.4,1.8,6.6,4.3,-,70.2%,-,-,-,-,-,-,-,-,-,-,-,-,-,2016 Spring
Cool,,24,50%,3.6,3.0,2.5,6.2,8.6,-,71.1%,-,-,-,-,-,-,-,-,-,-,-,-,-,2016 Spring
CoreJJ, KR,29,48.3%,3.9,1.9,1.6,4.2,9.0,392,64%,24.6,451,-,0.53,0.28,0.05,-137,-1,205,13.8%,13.8%,0,-,2016 Spring
Cpt Jack,,28,60.7%,3.7,2.7,1.7,3.7,9.2,412,58.3%,29.3,561,-,0.46,0.28,0.06,68,3,75,17.9%,0%,0,-,2016 Spring
Crash, KR,11,63.6%,2.7,2.5,2.8,5.2,4.7,380,69.1%,19,347,-,0.85,0.51,0.15,603,10,810,18.2%,18.2%,0,2,2016 Spring
Crazy, KR,7,57.1%,2.0,2.0,3.3,4.7,6.6,333,62.7%,17.3,325,-,0.6,0.22,0.09,-1005,-16,-815,14.3%,42.9%,0,1,2016 Spring
Cris,,8,62.5%,3.7,3.4,2.5,5.8,7.0,373,71.7%,24.1,509,-,0.54,0.14,0.09,438,14,590,25%,12.5%,0,4,2016 Spring
Crisis,,27,37%,2.8,2.8,3.1,5.9,3.5,-,74.1%,-,-,-,-,-,-,-,-,-,-,-,-,-,2016 Spring
Crown, KR,44,50%,3.5,2.6,2.0,4.3,9.2,408,70.7%,30.5,557,-,0.62,0.23,0.12,-21,2,69,20.5%,22.7%,1,11,2016 Spring
Crumbzz,,22,40.9%,2.3,1.7,3.0,5.4,3.8,331,72.5%,14.5,263,-,0.92,0.56,0.24,89,1,-16,40.9%,9.1%,0,1,2016 Spring
Crush, KR,47,19.1%,2.1,1.7,2.6,3.9,4.2,322,66.9%,15.6,275,-,0.66,0.47,0.13,-216,-1,-128,27.7%,14.9%,0,-,2016 Spring
CuVee, KR,44,50%,2.6,1.7,2.4,4.4,7.7,372,59.4%,19.4,357,-,0.57,0.15,0.12,-68,-2,-253,13.6%,9.1%,0,2,2016 Spring
DanDy, KR,47,51.1%,4.3,3.1,2.2,6.4,4.6,-,75.6%,-,-,-,-,-,-,-,-,-,-,-,-,-,2016 Spring
Dardoch, US,28,53.6%,5.2,3.1,2.1,7.7,4.3,360,79.7%,19.3,392,-,0.66,0.43,0.12,273,2,106,42.9%,3.6%,0,2,2016 Spring
Dark,,5,0%,2.6,2.2,3.2,6.0,6.3,-,62.6%,-,-,-,-,-,-,-,-,-,-,-,-,-,2016 Spring
Darshan, CA,49,61.2%,3.3,2.7,2.4,5.3,7.0,371,62.9%,19.6,387,-,0.5,0.13,0.08,268,2,-31,30.6%,14.3%,0,12,2016 Spring
Dee, TW,8,37.5%,2.6,1.8,1.9,3.1,8.0,364,72.9%,19.6,321,-,0.4,0.23,0.08,-539,-11,-439,0%,0%,0,1,2016 Spring
Deft, KR,42,69%,5.3,4.9,2.2,6.8,8.6,-,77.1%,-,-,-,-,-,-,-,-,-,-,-,-,-,2016 Spring
Diamondprox, RU,4,75%,3.5,2.5,2.0,4.5,4.4,362,65%,18.2,366,-,0.85,0.51,0.13,332,6,282,100%,0%,0,-,2016 Spring
Djoko, FR,2,50%,3.8,0.5,3.0,11.0,4.7,368,74.6%,14.9,287,-,1.17,0.49,0.1,304,6,622,100%,0%,0,-,2016 Spring
Doinb, KR,33,66.7%,3.9,3.8,2.8,7.0,8.2,356,69.2%,28.5,471,-,0.62,0.32,0.09,-511,-14,-589,6.1%,3%,0,-,2016 Spring
Doublelift, US,38,55.3%,3.8,4.4,2.6,5.6,8.7,422,68.9%,28,580,-,0.45,0.32,0.07,-82,2,39,15.8%,2.6%,1,7,2016 Spring
Dreamer,,8,37.5%,2.0,0.1,2.4,4.6,1.4,248,74.7%,6.7,103,-,1.53,0.35,0.33,-135,5,-300,0%,25%,0,-,2016 Spring
Duke, KR,76,71.1%,5.3,2.6,1.6,6.0,8.2,402,63.6%,18.2,395,-,0.45,0.13,0.06,186,7,412,18.4%,6.6%,0,21,2016 Spring
Dumbledoge, TR,17,41.2%,2.6,0.9,2.8,6.6,1.0,261,66.3%,10.4,220,-,1.2,0.4,0.22,-248,-1,-398,11.8%,17.6%,0,1,2016 Spring
Easyhoon, KR,47,51.1%,3.9,3.1,2.3,5.7,8.6,-,70.7%,-,-,-,-,-,-,-,-,-,-,-,-,-,2016 Spring
Edge, KR,47,19.1%,2.8,2.2,2.0,3.4,8.6,371,69.7%,29.8,527,-,0.45,0.18,0.11,-56,1,-13,21.3%,10.6%,0,9,2016 Spring
Edward, AM,4,25%,1.8,0.8,2.5,3.8,1.3,249,53.2%,3.4,51,-,1.23,0.41,0.27,126,4,-20,25%,0%,0,-,2016 Spring
Eika, FR,18,33.3%,1.9,1.8,2.9,3.7,8.3,368,63.7%,28.5,493,-,0.61,0.17,0.12,-359,-11,-472,27.8%,11.1%,0,1,2016 Spring
Eimy,,27,59.3%,3.6,2.3,2.4,6.3,3.7,-,64.9%,-,-,-,-,-,-,-,-,-,-,-,-,-,2016 Spring
Ella,,46,54.3%,3.1,0.5,2.6,7.4,1.4,-,69.7%,-,-,-,-,-,-,-,-,-,-,-,-,-,2016 Spring
Emperor, KR,36,63.9%,3.4,3.4,2.5,5.3,8.5,416,63.6%,25.2,518,-,0.42,0.2,0.05,-48,-5,-191,16.7%,2.8%,0,3,2016 Spring
Endless,,47,51.1%,3.7,3.4,2.4,5.5,8.2,-,68.1%,-,-,-,-,-,-,-,-,-,-,-,-,-,2016 Spring
Eve,,2,0%,0.8,1.0,3.0,1.5,4.0,308,100%,15.4,219,-,0.7,0.47,0.08,-708,-14,-548,0%,0%,0,-,2016 Spring
Expession,,26,50%,3.6,1.8,1.7,4.2,7.8,379,63.8%,18.8,345,-,0.5,0.17,0.08,206,4,171,26.9%,11.5%,0,2,2016 Spring
FORG1VEN, GR,28,64.3%,5.8,3.1,1.4,5.0,9.8,432,68.8%,31.4,596,-,0.5,0.3,0.02,299,12,332,17.9%,7.1%,0,-,2016 Spring
Faker, KR,75,72%,4.6,3.8,2.1,5.7,8.7,428,68.1%,29.3,632,-,0.56,0.25,0.09,163,4,202,18.7%,10.7%,0,28,2016 Spring
Febiven, NL,44,50%,4.7,3.4,1.8,5.0,8.8,403,70.6%,26.8,472,-,0.49,0.16,0.1,130,4,200,22.7%,9.1%,0,6,2016 Spring
Feng, CN,19,26.3%,2.1,1.8,3.2,4.9,6.5,337,62.5%,19.3,335,-,0.52,0.13,0.11,-443,-6,-452,31.6%,10.5%,0,1,2016 Spring
FeniX, KR,29,51.7%,4.7,3.6,1.9,5.4,9.3,413,68.4%,29,587,-,0.34,0.1,0.05,238,14,301,10.3%,6.9%,0,7,2016 Spring
Fireloli,,3,0%,0.8,0.7,5.3,3.3,3.7,-,62.6%,-,-,-,-,-,-,-,-,-,-,-,-,-,2016 Spring
FishBall,,5,40%,1.8,2.2,4.2,5.2,3.7,-,71.6%,-,-,-,-,-,-,-,-,-,-,-,-,-,2016 Spring
Five,,36,50%,3.7,0.7,2.8,9.4,1.3,-,71.8%,-,-,-,-,-,-,-,-,-,-,-,-,-,2016 Spring
Flame, KR,17,47.1%,3.3,2.5,2.2,4.6,7.8,389,60.2%,19.6,377,-,0.57,0.15,0.13,187,4,76,5.9%,17.6%,0,6,2016 Spring
Flandre, CN,46,54.3%,3.2,3.0,2.6,5.2,8.6,-,73.3%,-,-,-,-,-,-,-,-,-,-,-,-,-,2016 Spring
Flaresz,,11,27.3%,1.5,2.3,4.0,3.9,6.5,331,55.3%,19.6,357,-,0.49,0.19,0.1,-489,-8,-330,36.4%,18.2%,0,3,2016 Spring
Flawless, KR,44,20.5%,1.7,1.3,3.0,3.7,4.1,317,67.9%,16.7,270,-,0.91,0.63,0.26,-306,-2,-249,31.8%,11.4%,0,2,2016 Spring
Fly, KR,46,63%,4.3,2.5,2.1,6.6,8.2,383,71.7%,25.3,504,-,0.55,0.22,0.13,-94,-2,-22,34.8%,10.9%,0,5,2016 Spring
FoFo, TW,5,40%,1.5,1.2,2.0,1.8,8.7,361,54.2%,30.8,514,-,0.54,0.18,0.17,53,14,140,40%,0%,0,1,2016 Spring
Fox, SE,21,47.6%,3.9,3.5,2.3,5.7,8.2,394,67.1%,27.3,543,-,0.37,0.13,0.07,-85,-5,-290,38.1%,9.5%,0,7,2016 Spring
Freeze, CZ,19,47.4%,4.1,3.4,1.8,4.2,9.5,432,68.3%,29.6,547,-,0.43,0.24,0.06,338,10,117,31.6%,0%,0,-,2016 Spring
Froggen, DK,12,50%,5.4,2.8,1.5,5.3,9.2,409,76.3%,35.5,593,-,0.54,0.23,0.15,161,5,211,41.7%,0%,0,2,2016 Spring
Frozen, KR,10,60%,4.7,2.2,1.5,4.9,8.7,413,55.1%,27.5,482,-,0.54,0.22,0.09,241,-2,-98,20%,10%,0,4,2016 Spring
Fury, KR,15,26.7%,3.3,2.7,1.9,3.5,8.7,386,62.2%,27.3,502,-,0.51,0.33,0.09,-67,-3,-136,33.3%,0%,0,1,2016 Spring
GBM, KR,20,40%,3.4,3.1,2.3,4.5,8.0,378,77.5%,33.3,579,-,0.29,0.2,0.09,-381,-8,-112,5%,0%,0,4,2016 Spring
GODFRED,,16,12.5%,2.0,0.1,2.3,4.4,0.7,226,74.7%,6.1,89,-,1.02,0.2,0.19,-289,-4,-394,18.8%,12.5%,0,-,2016 Spring
GODV,,39,48.7%,2.7,3.2,2.7,4.3,8.8,-,64.8%,-,-,-,-,-,-,-,-,-,-,-,-,-,2016 Spring
Gamsu, KR,44,50%,3.5,2.2,2.3,6.0,7.3,367,69.5%,20.1,359,-,0.44,0.16,0.07,6,-1,67,11.4%,15.9%,0,12,2016 Spring
Gate, US,23,34.8%,2.6,1.1,3.1,6.9,2.1,277,73.4%,11.3,188,-,1,0.24,0.21,-239,-4,-24,43.5%,8.7%,0,-,2016 Spring
Gilius, DE,18,33.3%,2.0,0.9,2.8,4.7,3.4,308,67.1%,14.1,253,-,0.75,0.56,0.14,-191,-4,-208,27.8%,11.1%,0,2,2016 Spring
GimGoon, KR,39,35.9%,2.9,2.6,2.7,5.2,7.5,-,62.9%,-,-,-,-,-,-,-,-,-,-,-,-,-,2016 Spring
Godbro, DK,8,25%,1.5,2.5,3.0,1.9,7.6,360,47.1%,25.1,450,-,0.5,0.16,0.09,-643,-30,-1005,37.5%,0%,0,4,2016 Spring
Goldenglue, US,5,0%,2.1,1.4,2.2,3.2,8.3,363,55.5%,28.7,386,-,0.59,0.28,0.11,-564,-15,-431,40%,20%,0,-,2016 Spring
GorillA, KR,45,77.8%,5.3,0.5,2.0,10.1,1.2,277,69.8%,5.7,117,-,1.36,0.29,0.3,92,1,362,37.8%,2.2%,0,3,2016 Spring
GuGer, KR,47,19.1%,1.9,0.3,3.0,5.4,1.1,237,69.9%,7.2,125,-,1.44,0.36,0.32,-40,1,-195,23.4%,4.3%,0,1,2016 Spring
Hai, US,20,65%,3.4,0.4,3.0,9.7,0.8,278,70.7%,8.2,176,-,1,0.37,0.17,203,-1,193,20%,5%,0,-,2016 Spring
Hakuho, US,16,50%,2.2,0.6,3.1,6.3,1.0,262,67.1%,9.6,168,-,1.06,0.33,0.2,210,3,360,31.3%,0%,0,-,2016 Spring
HappyY,,23,56.5%,4.4,3.9,2.3,6.2,8.3,-,67.7%,-,-,-,-,-,-,-,-,-,-,-,-,-,2016 Spring
Hard, CA,14,42.9%,3.7,1.1,1.8,5.5,4.2,327,71.3%,17.4,287,-,0.75,0.6,0.2,-154,-1,-166,50%,0%,0,1,2016 Spring
Hauntzer, US,38,55.3%,4.0,2.5,2.2,6.4,7.5,382,59%,19.6,407,-,0.51,0.16,0.08,63,-0,64,21.1%,23.7%,0,11,2016 Spring
Hipo,,40,20%,1.4,1.0,3.5,3.9,6.9,332,59.5%,17.4,304,-,0.55,0.15,0.1,-333,-10,-404,20%,15%,0,7,2016 Spring
Hjarnan, SE,22,63.6%,5.4,3.5,1.5,4.7,9.3,426,63.8%,29.9,587,-,0.4,0.26,0.04,122,2,-27,27.3%,0%,0,-,2016 Spring
Holyphoenix, TR,8,25%,3.3,3.0,1.8,2.8,9.2,395,54.5%,27.7,536,-,0.31,0.16,0,-209,1,330,25%,0%,0,2,2016 Spring
Huhi, KR,49,61.2%,3.3,3.2,2.6,5.6,8.1,389,72.3%,27.9,545,-,0.6,0.19,0.09,-51,-3,1,28.6%,10.2%,0,13,2016 Spring
Huni, KR,24,83.3%,4.2,3.5,2.4,6.5,7.8,425,60.4%,25.7,573,-,0.48,0.15,0.05,452,14,502,45.8%,12.5%,2,7,2016 Spring
Hustlin, SE,16,56.3%,4.2,0.2,2.0,8.1,1.3,267,68.8%,5.9,113,-,1.17,0.31,0.21,27,3,449,18.8%,0%,0,-,2016 Spring
Hybrid, NL,36,63.9%,4.5,0.5,2.0,8.7,1.1,271,69.2%,6.9,142,-,1.24,0.39,0.26,204,1,376,22.2%,13.9%,0,-,2016 Spring
Hylissang, BG,21,47.6%,3.0,0.5,3.1,8.9,1.3,262,67.7%,5.5,108,-,1.2,0.36,0.25,-69,2,216,28.6%,9.5%,0,1,2016 Spring
IWillDominate,,1,0%,2.7,1.0,3.0,7.0,3.1,288,66.7%,14.5,377,-,0.59,0.62,0.08,-47,4,488,0%,0%,0,-,2016 Spring
Ian, KR,4,75%,8.4,4.8,1.3,5.8,8.3,384,79.9%,31,649,-,0.59,0.37,0.08,-16,-7,-89,75%,0%,0,-,2016 Spring
IgNar, KR,3,66.7%,3.6,0.3,1.7,5.7,1.2,245,57%,5.4,98,-,1.58,0.48,0.34,-137,-1,-485,33.3%,0%,0,-,2016 Spring
Ikssu, KR,48,50%,2.7,1.7,2.8,5.9,7.1,362,66.9%,20.2,379,-,0.5,0.18,0.09,-65,-4,-26,27.1%,12.5%,0,8,2016 Spring
Impact, KR,19,36.8%,2.6,1.9,2.9,5.6,6.7,347,74.5%,22.1,370,-,0.46,0.13,0.07,-303,-0,40,5.3%,42.1%,0,4,2016 Spring
Jaeger, DE,20,50%,2.4,2.5,3.2,5.2,7.2,376,73.9%,21.3,380,-,0.46,0.22,0.08,-252,-13,-494,25%,20%,0,7,2016 Spring
Jankos, PL,28,64.3%,4.6,2.4,2.0,6.6,4.0,351,75.3%,17.3,328,-,0.94,0.58,0.2,240,-4,55,57.1%,14.3%,0,7,2016 Spring
Jay, TW,5,40%,2.3,0.6,2.0,4.0,0.8,240,63.7%,9.8,141,-,1.55,0.39,0.33,-8,-8,375,60%,0%,0,-,2016 Spring
Jensen, DK,22,59.1%,4.1,4.4,2.3,5.1,8.8,421,66.8%,30.2,640,-,0.4,0.13,0.09,480,7,257,13.6%,9.1%,0,2,2016 Spring
JieZou,,28,28.6%,2.7,0.3,2.7,6.9,1.2,-,62.2%,-,-,-,-,-,-,-,-,-,-,-,-,-,2016 Spring
Jinckey,,3,0%,1.3,0.7,2.7,2.7,3.9,287,69.8%,22.4,271,-,0.79,0.3,0.26,-467,-8,-305,33.3%,0%,0,-,2016 Spring
Jockster, BR,3,0%,1.6,0.3,3.3,5.0,1.1,228,73.3%,7.8,149,-,1.15,0.15,0.28,-375,-6,-554,33.3%,33.3%,0,-,2016 Spring
KEITH, US,16,37.5%,2.7,3.4,2.4,3.1,8.1,373,69.3%,26.4,427,-,0.33,0.25,0.05,-116,-5,-243,25%,6.3%,0,-,2016 Spring
KaSing, GB,22,63.6%,4.8,0.6,1.8,8.0,1.3,276,70.1%,7.5,141,-,1.48,0.45,0.4,250,-0,226,27.3%,18.2%,0,-,2016 Spring
Kaas,,8,25%,1.5,0.6,3.4,4.5,1.0,238,49.3%,6.5,136,-,1.23,0.35,0.25,-176,2,-642,25%,0%,0,-,2016 Spring
Karsa, TW,20,65%,4.7,3.5,2.0,5.9,4.4,361,68.5%,17.5,323,-,0.76,0.58,0.25,147,-3,-117,50%,0%,0,2,2016 Spring
KeY, KR,7,57.1%,2.5,0.4,3.6,8.4,1.2,248,74.5%,7.3,135,-,1.25,0.49,0.21,-154,2,-313,14.3%,14.3%,0,-,2016 Spring
Keane,,7,57.1%,4.1,1.7,2.4,8.3,8.7,405,87%,24.2,485,-,0.42,0.09,0.06,256,-1,-72,28.6%,0%,0,1,2016 Spring
Ken,,4,50%,3.0,0.5,2.3,6.3,0.9,234,53%,7.1,108,-,1.35,0.23,0.27,-352,7,-166,25%,0%,0,-,2016 Spring
Kez,,9,33.3%,4.3,2.3,1.8,5.3,3.9,322,81.8%,21.1,408,-,0.75,0.55,0.17,-318,-6,-318,44.4%,11.1%,0,1,2016 Spring
KiWiKiD,,21,19%,2.6,0.4,2.7,6.5,1.0,244,70.1%,6.4,110,-,1.04,0.34,0.14,-35,2,41,23.8%,9.5%,0,1,2016 Spring
Kid,,41,48.8%,3.9,2.2,2.3,6.8,4.0,-,68.3%,-,-,-,-,-,-,-,-,-,-,-,-,-,2016 Spring
Kikis, PL,36,63.9%,3.3,2.4,2.5,5.9,6.8,369,61.3%,19.7,390,-,0.5,0.15,0.09,19,-4,-198,30.6%,13.9%,0,6,2016 Spring
Kirei, NL,21,19%,2.3,1.9,2.9,4.7,4.0,326,60.4%,20.4,358,-,0.7,0.52,0.12,-217,-5,-206,33.3%,19%,0,1,2016 Spring
Kirrrra, UA,7,57.1%,3.9,2.6,2.1,5.9,8.3,392,66.5%,27.9,545,-,0.53,0.21,0.09,-149,-3,-49,14.3%,0%,0,3,2016 Spring
Kitties,,39,51.3%,3.1,0.4,3.0,8.7,1.3,-,71.2%,-,-,-,-,-,-,-,-,-,-,-,-,-,2016 Spring
Klaj, SE,36,47.2%,2.5,0.3,3.3,8.1,1.2,251,69.1%,4.8,86,-,1.39,0.33,0.25,-185,-1,-268,22.2%,11.1%,0,1,2016 Spring
Kobbe, DK,23,34.8%,3.5,2.5,1.7,3.6,8.7,385,66.9%,26.2,419,-,0.37,0.25,0.02,-211,-2,-327,8.7%,17.4%,0,-,2016 Spring
Kold,,23,34.8%,3.3,1.7,2.0,4.8,3.7,317,68.6%,16.6,265,-,0.87,0.4,0.15,-461,-7,-509,21.7%,0%,0,1,2016 Spring
Koro1,,42,69%,3.8,2.4,2.5,7.4,7.5,-,64.6%,-,-,-,-,-,-,-,-,-,-,-,-,-,2016 Spring
Kramer, KR,46,41.3%,4.9,3.7,1.5,3.8,9.5,418,74.4%,33.1,617,-,0.62,0.38,0.08,-57,-0,181,15.2%,8.7%,0,3,2016 Spring
Kuzan, KR,48,54.2%,4.0,2.7,1.8,4.7,8.6,384,71.1%,27.4,493,-,0.63,0.27,0.09,112,8,146,29.2%,4.2%,0,11,2016 Spring
Kwon,,20,40%,2.8,0.3,2.7,7.2,1.0,248,76.1%,4.3,75,-,1.52,0.38,0.44,-200,4,-518,10%,0%,0,-,2016 Spring
LOD,,5,20%,2.3,3.6,3.0,3.4,8.0,387,84%,32.4,551,-,0.34,0.28,0.04,-299,-5,202,20%,0%,0,-,2016 Spring
LetMe,,2,100%,4.0,1.0,2.5,9.0,8.3,-,70.3%,-,-,-,-,-,-,-,-,-,-,-,-,-,2016 Spring
Ley, CN,2,100%,1.8,0.0,5.0,9.0,1.4,-,62.1%,-,-,-,-,-,-,-,-,-,-,-,-,-,2016 Spring
Likkrit,,7,57.1%,4.5,1.3,2.0,7.7,1.5,283,69%,9.8,194,-,1.14,0.28,0.27,468,7,600,42.9%,0%,0,-,2016 Spring
Lira,,48,50%,3.4,2.4,2.4,5.8,4.9,369,72.4%,18,343,-,0.68,0.59,0.15,188,4,214,37.5%,8.3%,0,6,2016 Spring
LokeN, KR,7,57.1%,3.3,4.0,2.6,4.6,9.3,408,76.3%,29.1,536,-,0.42,0.32,0.06,-660,-10,-155,14.3%,14.3%,0,-,2016 Spring
Loong,,47,51.1%,3.8,2.4,2.3,6.5,7.9,-,72.7%,-,-,-,-,-,-,-,-,-,-,-,-,-,2016 Spring
Looper, KR,64,68.8%,4.8,3.0,2.2,7.4,7.5,372,64%,16.9,316,-,0.56,0.15,0.1,-19,4,320,7.8%,3.1%,0,7,2016 Spring
Loulex, FR,9,22.2%,3.9,1.2,2.1,7.0,3.8,328,69.2%,12,218,-,0.98,0.45,0.15,69,3,473,22.2%,0%,0,2,2016 Spring
Lourlo, US,29,51.7%,3.8,2.1,2.4,7.1,6.3,352,66.9%,16.3,340,-,0.51,0.11,0.1,-214,-14,-397,24.1%,17.2%,0,4,2016 Spring
Lovida,,3,0%,0.5,1.3,3.7,0.7,7.4,316,31.7%,25.3,371,-,0.52,0.18,0.14,-1230,-26,-934,0%,66.7%,0,2,2016 Spring
MMD,,20,65%,5.9,2.7,1.5,6.2,6.8,360,61.5%,17.1,315,-,0.53,0.17,0.1,19,-6,136,35%,10%,0,4,2016 Spring
MaHa,,4,75%,4.8,2.0,2.0,7.5,9.9,415,60.6%,28.9,610,-,0.44,0.33,0.07,-434,-12,-322,25%,0%,0,-,2016 Spring
MaRin, KR,38,47.4%,2.6,2.4,2.7,4.7,8.2,-,61%,-,-,-,-,-,-,-,-,-,-,-,-,-,2016 Spring
MadLife, KR,46,41.3%,3.6,0.5,2.1,7.1,1.0,246,77.1%,6.5,114,-,1.17,0.39,0.28,-6,0,14,23.9%,6.5%,0,-,2016 Spring
Maple, TW,20,65%,6.9,3.7,1.5,6.4,8.7,409,74.5%,31.4,593,-,0.59,0.25,0.12,276,2,119,30%,5%,0,6,2016 Spring
Martin, CN,9,44.4%,3.9,3.2,2.2,5.3,9.4,-,59.3%,-,-,-,-,-,-,-,-,-,-,-,-,-,2016 Spring
Mash, CA,23,34.8%,4.6,2.6,1.7,5.1,8.5,384,70.4%,23.1,431,-,0.54,0.36,0.09,-418,-7,-219,43.5%,13%,0,1,2016 Spring
Mata, KR,64,68.8%,3.8,0.5,2.7,9.9,1.1,256,64%,6.4,120,-,1.41,0.35,0.27,-108,1,-52,17.2%,0%,0,-,2016 Spring
Matt, US,28,53.6%,3.5,0.5,2.9,9.8,0.7,261,75.3%,6.9,136,-,1.38,0.36,0.22,61,-1,48,32.1%,7.1%,0,-,2016 Spring
Max, KR,4,75%,4.8,0.5,2.0,9.0,1.5,260,75.2%,5.5,112,-,1.76,0.48,0.33,23,0,602,50%,0%,0,1,2016 Spring
Mickey, KR,48,50%,3.2,2.7,2.4,4.9,8.9,412,67.1%,26.5,502,-,0.55,0.22,0.11,171,-1,-38,31.3%,10.4%,0,12,2016 Spring
Mithy, ES,34,55.9%,3.7,0.5,2.4,8.4,1.2,263,69.5%,6.2,123,-,1.3,0.33,0.27,-28,0,-3,32.4%,8.8%,0,-,2016 Spring
Mlxg,,64,68.8%,5.4,3.4,2.1,7.9,4.7,376,71.2%,18.7,355,-,0.77,0.53,0.18,310,7,435,18.8%,1.6%,0,5,2016 Spring
Moon, US,19,36.8%,2.5,1.8,2.7,5.2,3.5,309,72%,15,256,-,0.8,0.46,0.19,-494,-5,-512,10.5%,26.3%,0,-,2016 Spring
MorZB,,45,57.8%,3.2,0.4,3.0,9.2,1.2,259,66.4%,6.2,108,-,1.5,0.34,0.31,138,3,140,6.7%,0%,0,-,2016 Spring
Morning,,5,40%,4.5,1.0,0.8,2.6,7.4,341,54.3%,18.6,302,-,0.51,0.13,0.07,-171,-3,-468,0%,20%,0,2,2016 Spring
Mortred,,2,50%,14.0,3.0,0.5,4.0,8.8,-,81.9%,-,-,-,-,-,-,-,-,-,-,-,-,-,2016 Spring
Mountain,,3,0%,1.1,0.0,4.0,4.3,3.5,294,78.6%,14,238,-,0.75,0.37,0.13,-893,-12,-518,0%,66.7%,0,-,2016 Spring
MrRalleZ,,18,33.3%,4.2,3.8,1.5,2.6,8.8,393,72.8%,32.3,574,-,0.33,0.16,0.02,22,0,-279,22.2%,5.6%,0,-,2016 Spring
Mystic, KR,51,60.8%,3.8,3.9,2.3,5.0,8.7,-,71.6%,-,-,-,-,-,-,-,-,-,-,-,-,-,2016 Spring
NL,,20,65%,4.4,3.3,2.0,5.4,9.4,425,64.7%,27.7,529,-,0.43,0.27,0.06,111,-2,121,10%,10%,1,4,2016 Spring
NaMei,,18,72.2%,4.8,3.9,2.0,5.7,9.0,-,69.1%,-,-,-,-,-,-,-,-,-,-,-,-,-,2016 Spring
Naru,,17,41.2%,2.5,3.5,3.0,3.9,8.5,403,60%,23.7,483,-,0.49,0.24,0.12,80,2,-192,29.4%,17.6%,0,8,2016 Spring
Nisbeth,,23,34.8%,2.8,0.1,2.3,6.6,1.1,244,72.5%,6.2,102,-,1.08,0.29,0.27,-239,-2,-215,8.7%,17.4%,0,-,2016 Spring
NoXiAK, DE,18,55.6%,3.9,0.7,1.9,6.6,1.3,269,66.9%,5.6,97,-,1.15,0.35,0.2,79,1,236,16.7%,5.6%,0,-,2016 Spring
Nuclear, KR,44,20.5%,2.8,2.1,1.8,3.0,9.2,384,69.6%,24.4,411,-,0.42,0.34,0.11,-51,-0,-187,20.5%,6.8%,0,5,2016 Spring
Nukeduck, NO,22,63.6%,4.5,2.8,1.9,5.5,8.7,404,70.3%,28,540,-,0.48,0.15,0.12,214,2,180,18.2%,4.5%,0,4,2016 Spring
Nukes, EE,5,40%,5.0,0.4,1.4,6.6,1.3,261,57.7%,5.3,87,-,1.58,0.34,0.32,38,-4,-568,20%,0%,0,-,2016 Spring
Odoamne, RO,28,64.3%,4.6,2.3,1.8,6.1,7.3,373,69.9%,18.9,366,-,0.44,0.12,0.03,133,-4,-4,32.1%,0%,0,6,2016 Spring
Ohq,,10,30%,4.8,2.7,1.3,3.6,8.6,384,66.8%,27.7,538,-,0.3,0.21,0.01,42,3,70,30%,0%,0,-,2016 Spring
PawN, KR,32,75%,3.7,3.8,2.9,7.0,8.4,-,67%,-,-,-,-,-,-,-,-,-,-,-,-,-,2016 Spring
Peanut, KR,45,77.8%,5.5,3.6,2.0,7.4,4.4,384,73.6%,18.8,386,-,0.59,0.57,0.13,194,-1,-84,62.2%,2.2%,0,7,2016 Spring
PentaQ,,36,25%,1.9,2.5,3.1,3.4,8.7,-,60.7%,-,-,-,-,-,-,-,-,-,-,-,-,-,2016 Spring
Perkz, HR,36,63.9%,3.4,3.7,2.5,4.9,8.8,416,64.9%,28.9,595,-,0.47,0.17,0.08,169,5,85,13.9%,11.1%,0,21,2016 Spring
Piglet, KR,29,51.7%,4.5,4.2,2.2,5.5,8.5,409,70.5%,28.8,598,-,0.53,0.33,0.08,215,6,445,31%,6.9%,0,2,2016 Spring
Pilot, KR,48,54.2%,5.3,3.1,1.4,4.4,8.7,397,70.6%,25.3,463,-,0.42,0.23,0.05,-126,-5,-218,20.8%,4.2%,1,-,2016 Spring
Pirean, KR,20,35%,2.6,2.2,2.8,5.1,7.8,371,66.6%,25.9,478,-,0.47,0.2,0.1,-529,-13,-461,25%,0%,0,2,2016 Spring
Pobelter, US,24,83.3%,6.0,4.1,1.9,7.4,8.4,435,70.5%,24.1,544,-,0.48,0.23,0.1,417,4,-95,37.5%,0%,0,8,2016 Spring
Police, KR,7,57.1%,5.6,4.6,1.7,5.0,8.1,408,83.2%,26.6,558,-,0.43,0.21,0.06,-325,-13,-437,14.3%,14.3%,0,-,2016 Spring
PowerOfEvil, DE,29,51.7%,3.5,3.0,2.3,5.1,8.2,390,62.5%,27.2,548,-,0.44,0.17,0.07,-84,-3,-80,24.1%,10.3%,0,12,2016 Spring
PraY,,45,77.8%,6.0,3.5,1.7,6.5,9.0,431,64.6%,26.2,545,-,0.49,0.24,0.05,253,5,49,40%,2.2%,0,6,2016 Spring
Procxin,,20,35%,3.4,3.2,2.6,5.7,4.3,355,77.9%,23.3,434,-,0.58,0.46,0.14,-4,-1,52,55%,10%,0,2,2016 Spring
Promisq, SE,18,33.3%,2.4,0.2,2.6,5.9,0.9,243,64.9%,5.5,98,-,1.26,0.4,0.27,-105,-2,132,22.2%,5.6%,0,-,2016 Spring
Pure,,39,48.7%,4.3,0.5,1.7,6.7,1.1,256,70.9%,5.8,112,-,1.41,0.47,0.34,-24,-2,-78,35.9%,7.7%,0,-,2016 Spring
PvPStejos, UA,7,57.1%,3.1,3.3,3.1,6.4,3.9,358,77.1%,21.4,421,-,0.75,0.4,0.09,485,7,279,57.1%,0%,0,2,2016 Spring
Pyl,,39,48.7%,3.1,0.5,2.6,7.6,1.2,-,68.9%,-,-,-,-,-,-,-,-,-,-,-,-,-,2016 Spring
Quan,,34,47.1%,4.0,2.4,2.7,8.5,4.1,-,72.2%,-,-,-,-,-,-,-,-,-,-,-,-,-,2016 Spring
REFRA1N,,5,40%,2.4,2.2,1.8,2.2,3.8,311,62%,15,245,-,0.92,0.74,0.24,94,2,56,80%,0%,0,1,2016 Spring
RF Legendary,,10,10%,1.7,1.5,2.7,3.2,6.6,331,50.7%,18.1,297,-,0.57,0.16,0.18,-306,-9,-219,30%,10%,0,1,2016 Spring
Rabbit97,,12,33.3%,3.2,2.6,2.7,5.9,3.8,-,68.7%,-,-,-,-,-,-,-,-,-,-,-,-,-,2016 Spring
Rain, KR,27,44.4%,4.1,3.0,2.2,5.8,8.3,-,74.3%,-,-,-,-,-,-,-,-,-,-,-,-,-,2016 Spring
Reignover,,24,83.3%,6.4,2.7,1.8,9.1,4.3,384,72.8%,17.1,381,-,0.84,0.5,0.12,411,8,499,58.3%,8.3%,0,5,2016 Spring
Rekkles, SE,44,50%,5.1,3.4,1.7,5.5,9.3,418,73.2%,30,553,-,0.41,0.27,0.07,-68,-1,47,11.4%,11.4%,0,2,2016 Spring
Remi,,6,16.7%,1.5,0.5,4.3,5.8,0.8,238,76.4%,6.5,113,-,1.04,0.3,0.22,181,4,302,33.3%,33.3%,0,-,2016 Spring
Republic,,39,35.9%,3.2,3.7,2.6,4.5,8.5,-,67.6%,-,-,-,-,-,-,-,-,-,-,-,-,-,2016 Spring
Reven, KR,1,0%,2.0,2.0,4.0,6.0,5.4,-,72.7%,-,-,-,-,-,-,-,-,-,-,-,-,-,2016 Spring
Revolta, BR,3,0%,1.8,2.0,3.3,4.0,4.3,323,86.7%,21.6,415,-,0.57,0.47,0.24,-164,-5,-147,33.3%,0%,0,-,2016 Spring
Roach, KR,7,14.3%,1.0,1.3,3.4,2.1,7.4,356,69.7%,20.7,333,-,0.55,0.11,0.11,-539,-19,-630,42.9%,14.3%,0,2,2016 Spring
Romantic,,23,30.4%,2.4,2.6,2.9,4.4,8.6,-,59.4%,-,-,-,-,-,-,-,-,-,-,-,-,-,2016 Spring
RooKie, KR,41,48.8%,3.9,3.9,2.4,5.5,8.8,-,71.3%,-,-,-,-,-,-,-,-,-,-,-,-,-,2016 Spring
Row,,3,0%,0.9,1.7,3.7,1.7,6.6,305,68.3%,23.7,337,-,0.44,0.12,0.07,-393,-1,249,33.3%,0%,0,2,2016 Spring
Rudy,,14,42.9%,2.5,1.8,3.0,5.9,3.8,327,64.2%,13.9,269,-,0.8,0.6,0.16,-440,-8,-423,57.1%,14.3%,0,-,2016 Spring
Rush,,22,59.1%,3.5,2.4,2.7,7.0,4.1,359,70%,17,340,-,0.69,0.39,0.1,251,3,404,36.4%,4.5%,0,3,2016 Spring
Ryu,,22,59.1%,4.6,2.8,1.6,4.8,8.5,394,69.3%,25.1,459,-,0.49,0.26,0.12,201,-1,-36,40.9%,13.6%,0,3,2016 Spring
S0NSTAR,,18,50%,5.6,3.2,1.4,4.6,8.7,408,70.5%,22.9,437,-,0.53,0.24,0.09,-200,-8,24,11.1%,5.6%,0,-,2016 Spring
SaSin,,44,20.5%,2.1,2.0,2.5,3.5,8.6,369,78.9%,31.4,529,-,0.59,0.28,0.12,-285,-5,-107,25%,22.7%,0,3,2016 Spring
Safir,,6,16.7%,1.7,1.5,3.2,4.0,7.6,359,58.7%,27.4,455,-,0.27,0.15,0.07,104,-8,44,16.7%,0%,0,-,2016 Spring
Sangyoon, KR,48,50%,4.9,3.6,1.7,4.5,9.2,421,72.4%,28,536,-,0.45,0.23,0.08,152,1,-39,29.2%,2.1%,0,4,2016 Spring
Sask,,2,100%,3.7,4.5,3.0,6.5,7.3,-,78.5%,-,-,-,-,-,-,-,-,-,-,-,-,-,2016 Spring
Savoki,,35,25.7%,1.9,0.5,3.2,5.6,1.4,-,66.8%,-,-,-,-,-,-,-,-,-,-,-,-,-,2016 Spring
Scenery,,15,26.7%,2.2,3.1,3.2,4.1,4.4,-,72.3%,-,-,-,-,-,-,-,-,-,-,-,-,-,2016 Spring
Score, KR,46,63%,4.3,3.1,2.2,6.5,4.6,367,73%,18.8,372,-,0.72,0.61,0.14,128,1,188,41.3%,13%,0,-,2016 Spring
Scout, KR,1,0%,1.0,1.0,2.0,1.0,8.1,375,100%,25.3,379,-,0.65,0.3,0.1,-683,-23,-403,0%,0%,0,1,2016 Spring
Secret, KR,44,20.5%,2.0,0.4,2.5,4.7,1.0,232,71.5%,6.6,107,-,1.46,0.33,0.28,-112,-0,141,22.7%,2.3%,0,-,2016 Spring
Selfie, PL,6,83.3%,4.4,4.7,2.3,5.7,9.1,431,71.2%,30.7,719,-,0.52,0.23,0.09,179,11,132,16.7%,16.7%,0,1,2016 Spring
Sencux, DK,23,34.8%,3.1,2.2,2.2,4.5,8.1,371,74.7%,29.4,468,-,0.49,0.18,0.08,-370,-9,2,17.4%,4.3%,0,8,2016 Spring
Seraph,,13,76.9%,8.3,3.3,1.2,6.9,7.9,405,75.5%,20.7,411,-,0.55,0.24,0.17,569,6,282,23.1%,7.7%,0,5,2016 Spring
Shiphtur,,21,19%,4.3,3.4,1.6,3.6,8.5,386,67.4%,28.5,503,-,0.53,0.16,0.1,-115,-3,164,19%,0%,0,6,2016 Spring
Shook,,22,63.6%,4.5,1.5,1.9,7.0,3.8,340,71.1%,12.8,249,-,0.86,0.47,0.2,37,-3,4,40.9%,9.1%,0,1,2016 Spring
Shrimp,,6,83.3%,4.1,2.7,2.8,9.0,4.1,366,70.6%,17,405,-,0.56,0.43,0.11,-239,-1,-502,33.3%,16.7%,0,-,2016 Spring
Sky, KR,24,41.7%,2.8,2.0,2.5,4.8,8.7,386,73.8%,25.9,462,-,0.55,0.19,0.1,-179,-6,-178,16.7%,16.7%,0,3,2016 Spring
SmLz, CN,38,47.4%,4.0,5.1,2.7,5.4,9.2,-,73.5%,-,-,-,-,-,-,-,-,-,-,-,-,-,2016 Spring
Smeb, KR,45,77.8%,5.0,3.5,2.0,6.5,7.9,418,67.8%,24.2,503,-,0.49,0.15,0.07,419,7,327,33.3%,13.3%,0,15,2016 Spring
Smoothie, CA,1,0%,2.3,0.0,4.0,9.0,0.3,224,75%,3.3,85,-,1.24,0.24,0.21,-305,-15,-398,0%,100%,0,-,2016 Spring
Smurf, RU,7,57.1%,3.5,2.4,2.1,5.1,7.0,372,57.9%,18,353,-,0.47,0.14,0.09,-43,-6,21,14.3%,14.3%,0,1,2016 Spring
Sneaky,,22,59.1%,3.9,4.2,2.4,5.0,8.2,410,68.7%,27.7,579,-,0.41,0.2,0.07,160,2,154,13.6%,4.5%,0,2,2016 Spring
SnowFlower, KR,48,50%,3.8,0.6,2.3,7.9,1.1,261,74.7%,7.4,139,-,1.17,0.44,0.22,119,-2,192,35.4%,8.3%,0,-,2016 Spring
SoHwan, KR,1,0%,0.3,0.0,4.0,1.0,6.6,287,25%,13.4,198,-,0.57,0.09,0.13,-1488,-43,-1612,0%,0%,0,-,2016 Spring
SoaR, KR,10,20%,2.1,1.1,3.0,5.2,7.4,350,57.5%,16.9,309,-,0.49,0.17,0.07,-5,2,-58,20%,20%,0,-,2016 Spring
Soul, KR,34,20.6%,1.7,1.2,2.5,3.1,7.2,341,69.6%,22.1,345,-,0.54,0.19,0.1,-186,2,-10,17.6%,11.8%,0,4,2016 Spring
Soul (2), CN,11,54.5%,5.6,0.8,1.6,8.3,1.2,-,63.3%,-,-,-,-,-,-,-,-,-,-,-,-,-,2016 Spring
Spirit, KR,44,50%,3.3,2.4,2.5,5.9,4.4,348,69.5%,18.2,320,-,0.99,0.54,0.2,-84,1,-106,20.5%,13.6%,0,3,2016 Spring
Ssol, KR,47,19.1%,2.8,2.6,2.0,3.1,9.0,386,71.3%,29.4,519,-,0.48,0.37,0.06,31,1,18,19.1%,12.8%,0,7,2016 Spring
Steeelback, FR,21,47.6%,6.1,5.0,1.6,4.6,9.3,429,68.5%,31.5,633,-,0.45,0.21,0.09,-76,1,-13,23.8%,0%,0,3,2016 Spring
Steve,,18,33.3%,2.3,2.1,2.5,3.6,7.9,369,61.6%,19.6,350,-,0.51,0.17,0.09,-18,-3,13,27.8%,16.7%,0,5,2016 Spring
Stitch,,15,53.3%,3.7,2.9,1.9,4.1,8.8,402,56.3%,25.5,479,-,0.42,0.31,0.05,-368,-10,-73,6.7%,6.7%,1,1,2016 Spring
Stixxay, US,49,61.2%,4.1,4.5,2.3,4.8,8.8,422,67.7%,28.2,558,-,0.47,0.31,0.09,240,2,-114,30.6%,8.2%,0,4,2016 Spring
Stomaged, TR,17,41.2%,2.5,2.6,3.1,4.9,3.9,346,69.8%,19.1,400,-,0.86,0.37,0.22,-472,-8,-576,17.6%,11.8%,0,4,2016 Spring
Stunt, US,1,0%,2.5,0.0,4.0,10.0,1.6,273,100%,11.4,205,-,1.27,0.25,0.23,161,19,-44,100%,0%,0,-,2016 Spring
Svenskeren, DK,38,55.3%,3.6,2.8,2.8,7.2,3.9,353,70.6%,19.3,387,-,0.77,0.44,0.12,124,-1,170,31.6%,2.6%,0,3,2016 Spring
Swift,,45,57.8%,3.8,3.0,2.6,7.0,4.2,326,68.9%,17.1,276,-,0.81,0.6,0.13,-158,4,28,8.9%,0%,0,-,2016 Spring
SwordArt, TW,20,65%,6.7,0.4,1.5,9.3,0.8,256,71.8%,6.2,116,-,1.37,0.3,0.34,12,0,-51,25%,10%,0,-,2016 Spring
TANK, KR,46,54.3%,3.3,2.7,2.4,5.1,8.4,-,68.5%,-,-,-,-,-,-,-,-,-,-,-,-,-,2016 Spring
Tabe,,2,0%,1.2,0.0,2.5,3.0,1.4,-,66.7%,-,-,-,-,-,-,-,-,-,-,-,-,-,2016 Spring
Tabzz,,16,37.5%,3.7,2.6,1.9,4.3,8.7,399,68.1%,24.5,409,-,0.41,0.3,0.08,-344,-16,-579,37.5%,6.3%,0,1,2016 Spring
Taizan,,8,37.5%,2.5,1.4,2.3,4.3,4.2,334,85%,16.1,257,-,0.8,0.66,0.15,-296,-0,-112,12.5%,0%,0,-,2016 Spring
Tempt, KR,7,57.1%,4.2,2.3,2.0,6.1,8.3,370,73%,29.9,559,-,0.58,0.15,0.09,-344,2,-354,0%,14.3%,0,-,2016 Spring
Thaldrin,,12,58.3%,3.8,2.3,2.1,5.6,6.8,372,63.8%,17.5,369,-,0.44,0.15,0.09,-177,4,-270,0%,25%,0,1,2016 Spring
Time, CN,14,57.1%,3.2,2.0,2.3,5.4,8.2,-,58%,-,-,-,-,-,-,-,-,-,-,-,-,-,2016 Spring
Tockers,,3,0%,1.6,2.7,3.0,2.0,7.6,351,57.6%,24.7,477,-,0.53,0.15,0.13,89,-3,137,33.3%,0%,0,-,2016 Spring
TrAce, KR,47,55.3%,4.1,1.8,1.8,5.5,7.4,369,69.1%,24,427,-,0.52,0.17,0.11,90,-2,26,29.8%,23.4%,0,13,2016 Spring
Trance,,6,50%,3.6,0.0,2.0,7.2,0.9,247,77.4%,4.5,84,-,1.37,0.32,0.33,-201,2,-74,50%,0%,0,-,2016 Spring
Trick, KR,36,63.9%,3.7,3.2,2.6,6.5,4.6,377,75.1%,19.2,389,-,0.9,0.33,0.14,246,5,476,19.4%,13.9%,0,8,2016 Spring
Tsu,,3,0%,1.1,0.3,3.0,3.0,0.9,221,69%,8.1,110,-,1.42,0.54,0.29,-233,-3,22,0%,0%,0,-,2016 Spring
Untara, KR,46,41.3%,2.7,1.9,2.7,5.2,7.4,350,70.4%,18.2,332,-,0.53,0.17,0.07,-150,2,-44,13%,8.7%,0,10,2016 Spring
Uzi, CN,25,52%,5.0,4.9,2.1,5.8,9.9,438,82.5%,34.2,558,-,0.46,0.42,0.08,658,16,521,12%,0%,0,-,2016 Spring
V,,45,57.8%,3.4,2.7,2.6,5.9,7.2,352,58.6%,14.1,233,-,0.45,0.15,0.07,-611,-11,-413,4.4%,0%,0,-,2016 Spring
VandeR, PL,28,64.3%,5.1,0.8,1.8,8.1,1.1,270,75.5%,6.1,115,-,1.4,0.3,0.29,233,-0,-117,35.7%,0%,0,-,2016 Spring
Vizicsacsi, HU,21,47.6%,2.7,2.6,3.2,6.1,7.1,372,65.2%,22.6,451,-,0.59,0.22,0.16,77,5,-179,28.6%,14.3%,0,5,2016 Spring
WerIyb, ES,8,25%,2.2,1.8,2.8,4.3,7.2,357,72.3%,24.6,453,-,0.46,0.17,0.07,-32,5,-108,62.5%,12.5%,0,-,2016 Spring
Wickd, DK,5,40%,3.7,2.2,2.0,5.2,6.9,357,83.8%,23.7,403,-,0.52,0.19,0.11,253,9,678,20%,20%,0,1,2016 Spring
WildTurtle, CA,24,83.3%,6.1,5.4,1.8,5.8,8.8,456,69.3%,28.5,652,-,0.4,0.17,0.07,454,3,157,37.5%,4.2%,0,3,2016 Spring
Winged,,48,54.2%,4.1,1.9,1.8,5.4,4.9,356,68.3%,17.4,314,-,0.76,0.69,0.18,127,2,166,39.6%,6.3%,0,-,2016 Spring
Wisdom,,18,50%,2.8,1.7,2.6,5.5,4.3,357,75.3%,17.5,327,-,0.89,0.43,0.18,392,8,642,22.2%,16.7%,0,2,2016 Spring
Wolf, KR,76,71.1%,5.4,0.4,1.8,9.3,1.3,271,66.5%,5.9,130,-,1.31,0.45,0.29,6,1,-50,13.2%,9.2%,0,1,2016 Spring
Wraith, KR,44,50%,4.1,0.4,1.5,5.8,1.1,244,57.4%,4.3,79,-,1.57,0.47,0.34,-96,1,-371,13.6%,6.8%,0,1,2016 Spring
Wunder, DK,23,34.8%,2.0,2.5,2.8,3.3,8.6,393,57.2%,21.6,357,-,0.54,0.14,0.09,210,14,94,17.4%,17.4%,0,9,2016 Spring
Wuxx,,48,68.8%,4.8,5.0,2.3,6.0,8.8,420,65.5%,27.7,545,-,0.43,0.27,0.08,-263,-7,-198,16.7%,0%,0,3,2016 Spring
X41007, CN,1,0%,4.0,8.0,4.0,8.0,7.6,-,72.7%,-,-,-,-,-,-,-,-,-,-,-,-,-,2016 Spring
XY,,27,25.9%,1.7,1.6,3.0,3.7,7.8,-,59.5%,-,-,-,-,-,-,-,-,-,-,-,-,-,2016 Spring
Xiaoxi,,7,28.6%,1.8,1.1,3.3,4.9,3.2,-,58.6%,-,-,-,-,-,-,-,-,-,-,-,-,-,2016 Spring
Xiyang,,34,52.9%,4.2,2.4,2.2,7.0,7.3,-,64.4%,-,-,-,-,-,-,-,-,-,-,-,-,-,2016 Spring
Xmithie, US,49,61.2%,3.5,2.0,2.4,6.5,4.6,359,67.5%,16.6,322,-,0.76,0.54,0.15,42,3,51,32.7%,10.2%,0,4,2016 Spring
Xpecial, US,7,57.1%,3.6,0.6,2.4,8.3,0.9,258,71.3%,6.2,124,-,1.18,0.25,0.23,-0,-0,-448,14.3%,28.6%,0,-,2016 Spring
YellOwStaR, FR,38,55.3%,3.5,0.2,2.9,10.0,1.1,265,69.3%,4.2,87,-,1.25,0.3,0.22,-107,3,-161,15.8%,26.3%,0,-,2016 Spring
Yu,,5,20%,1.3,1.0,3.2,3.2,3.5,-,49.7%,-,-,-,-,-,-,-,-,-,-,-,-,-,2016 Spring
Yuekai, CN,11,54.5%,4.5,2.9,2.0,6.0,9.1,-,61.7%,-,-,-,-,-,-,-,-,-,-,-,-,-,2016 Spring
Zero, KR,51,60.8%,3.6,0.7,2.4,7.9,1.1,-,69%,-,-,-,-,-,-,-,-,-,-,-,-,-,2016 Spring
Ziv, TW,3,0%,1.3,0.7,3.0,3.3,7.3,322,67.5%,23.5,390,-,0.52,0.17,0.07,-6,22,308,0%,0%,0,-,2016 Spring
Zven, DK,34,55.9%,3.9,4.5,2.3,4.5,9.8,444,69.3%,31.7,637,-,0.43,0.29,0.04,433,12,299,26.5%,5.9%,0,4,2016 Spring
Zz1tai, CN,41,48.8%,3.7,3.3,2.2,5.0,8.1,-,66%,-,-,-,-,-,-,-,-,-,-,-,-,-,2016 Spring
Zzr, CN,46,54.3%,3.9,2.0,2.0,6.0,4.0,-,73.5%,-,-,-,-,-,-,-,-,-,-,-,-,-,2016 Spring
Zzus, KR,4,50%,2.2,0.3,2.3,4.8,1.0,245,29.5%,6.6,115,-,1.19,0.37,0.3,-196,-4,-321,0%,25%,0,1,2016 Spring
aMiracle,,7,57.1%,4.0,3.0,2.3,6.1,8.3,403,68.9%,23,468,-,0.4,0.15,0.03,-288,-18,-509,28.6%,14.3%,0,-,2016 Spring
bebe,,5,40%,4.0,1.6,1.2,3.2,9.6,394,66%,25.9,417,-,0.38,0.28,0.08,363,8,228,60%,0%,0,1,2016 Spring
beibei, CN,3,33.3%,2.2,1.0,3.0,5.7,3.5,300,64.4%,17.3,258,-,0.85,0.41,0.14,-1304,-12,-1078,0%,66.7%,0,-,2016 Spring
bengi, KR,17,64.7%,3.4,1.3,2.4,6.6,3.8,327,63.8%,12.6,268,-,0.85,0.58,0.11,-369,-8,-491,35.3%,29.4%,0,2,2016 Spring
blank, KR,59,72.9%,5.8,3.2,1.7,6.7,4.5,377,69.5%,17.4,381,-,0.94,0.61,0.18,73,-0,-18,30.5%,18.6%,0,8,2016 Spring
extinkt,,8,12.5%,2.3,0.4,3.0,6.4,0.9,241,71.1%,7,102,-,1,0.36,0.28,137,-0,-23,37.5%,25%,0,-,2016 Spring
fabFabulous, TR,5,0%,0.9,1.2,3.8,2.2,6.3,309,48.5%,17.6,353,-,0.43,0.12,0.04,-315,-14,-598,0%,0%,0,1,2016 Spring
fredy122,,22,31.8%,2.3,1.4,2.5,4.6,7.8,364,60%,18.1,314,-,0.51,0.12,0.08,-7,3,162,22.7%,9.1%,0,1,2016 Spring
gosu,,33,9.1%,1.8,1.9,3.2,4.1,8.0,-,63.8%,-,-,-,-,-,-,-,-,-,-,-,-,-,2016 Spring
icon, CN,15,40%,4.0,4.3,2.8,6.9,7.6,-,70.1%,-,-,-,-,-,-,-,-,-,-,-,-,-,2016 Spring
imp, KR,39,48.7%,3.5,3.6,2.2,4.2,9.3,-,64.5%,-,-,-,-,-,-,-,-,-,-,-,-,-,2016 Spring
inSec, CN,2,100%,3.8,5.0,3.0,6.5,4.4,-,81.8%,-,-,-,-,-,-,-,-,-,-,-,-,-,2016 Spring
k0u,,9,22.2%,2.2,1.6,2.7,4.2,3.5,304,66%,19.2,327,-,0.77,0.36,0.12,-461,-10,-721,33.3%,22.2%,0,1,2016 Spring
kRYST4L,,37,56.8%,3.2,3.0,2.4,4.6,9.3,-,74.3%,-,-,-,-,-,-,-,-,-,-,-,-,-,2016 Spring
kfo,,12,50%,2.5,1.2,2.3,4.5,7.1,343,54.1%,15.5,250,-,0.51,0.19,0.08,-153,-3,-281,25%,33.3%,0,-,2016 Spring
kurO, KR,45,77.8%,6.5,3.8,1.6,6.3,8.4,426,65.2%,25.1,525,-,0.58,0.24,0.1,125,-5,40,42.2%,2.2%,0,11,2016 Spring
luo (2), CN,3,0%,2.1,0.7,6.7,13.3,0.7,-,67.8%,-,-,-,-,-,-,-,-,-,-,-,-,-,2016 Spring
march,,15,6.7%,2.1,2.1,3.5,5.0,4.0,-,73.7%,-,-,-,-,-,-,-,-,-,-,-,-,-,2016 Spring
meiko, CN,42,69%,4.8,0.9,2.4,10.6,1.3,-,77.2%,-,-,-,-,-,-,-,-,-,-,-,-,-,2016 Spring
micaO, BR,3,0%,1.5,1.3,4.0,4.7,8.3,360,80.5%,24,463,-,0.35,0.27,0.04,217,17,182,33.3%,0%,0,-,2016 Spring
ninja, KR,8,87.5%,4.3,3.9,2.3,5.8,9.0,428,66.8%,27.7,578,-,0.54,0.13,0.08,295,3,337,37.5%,12.5%,0,5,2016 Spring
p1noyszn, DK,5,40%,5.5,4.8,1.2,1.8,9.3,429,56.8%,29.8,570,-,0.4,0.41,0.07,179,8,-38,20%,0%,0,-,2016 Spring
pÏ€, ES,32,34.4%,2.6,2.3,2.4,3.8,8.7,388,67.3%,30.5,543,-,0.44,0.2,0.09,-188,4,-26,21.9%,15.6%,0,2,2016 Spring
raphael,,36,25%,2.1,1.9,2.5,3.3,8.3,-,57.3%,-,-,-,-,-,-,-,-,-,-,-,-,-,2016 Spring
sOAZ, FR,34,55.9%,2.9,2.1,2.6,5.3,7.2,365,54.3%,18,366,-,0.48,0.15,0.12,-198,2,173,11.8%,8.8%,0,11,2016 Spring
solo, US,5,0%,2.0,0.8,2.0,3.2,6.6,319,75%,21.2,275,-,0.54,0.18,0.11,-293,-11,-249,40%,0%,0,1,2016 Spring
ss17God,,33,9.1%,1.4,1.7,3.8,3.8,7.4,-,56.3%,-,-,-,-,-,-,-,-,-,-,-,-,-,2016 Spring
ssumday, KR,46,63%,3.6,2.8,2.5,6.2,8.0,398,67.8%,24.6,483,-,0.56,0.2,0.1,-12,-1,-74,23.9%,17.4%,0,15,2016 Spring
westdoor,,2,0%,2.0,3.5,2.5,1.5,8.6,374,77.4%,20.4,375,-,0.65,0.16,0.12,-710,-20,-224,0%,0%,0,-,2016 Spring
x1u,,33,9.1%,2.0,0.8,3.3,6.1,1.2,-,75.6%,-,-,-,-,-,-,-,-,-,-,-,-,-,2016 Spring
xPeke, ES,5,80%,3.1,4.0,3.0,5.2,8.8,416,72%,27.5,598,-,0.52,0.24,0.12,443,4,380,40%,20%,0,1,2016 Spring
xQ,,33,9.1%,1.9,2.6,3.5,3.8,8.1,-,68.3%,-,-,-,-,-,-,-,-,-,-,-,-,-,2016 Spring
xiaohu, CN,64,68.8%,4.8,4.0,2.3,7.0,8.6,403,68.6%,30.3,584,-,0.59,0.27,0.16,-116,-1,-72,14.1%,1.6%,0,8,2016 Spring
xiye, CN,51,60.8%,4.0,3.5,2.2,5.2,8.8,-,66.6%,-,-,-,-,-,-,-,-,-,-,-,-,-,2016 Spring
yang, BR,3,0%,1.7,1.0,3.3,4.7,7.0,326,73.8%,21.8,418,-,0.5,0.19,0.1,-210,-3,-524,66.7%,0%,0,-,2016 Spring
yolo,,29,24.1%,1.9,1.7,3.0,4.1,4.6,-,70%,-,-,-,-,-,-,-,-,-,-,-,-,-,2016 Spring
